tStart, tEnd, accentuation
0.000000, 1.363862, 1 
0.000000, 6.408713, 1
0.000000, 12.406499, 1
0.000000, 18.374346, 1
0.000000, 23.472382, 1
